Min Inflation,Max Inflation
0.568727971803862,4734.91434744585
